Invoice_ID,Date,Branch, CITY,Category,Product,Quantity,Unit_Price,Payment_Method,Customer_Type,Gender,Rating,Month,TOTAL_SALES,,,,,
INV001,04-04-2026,C,Nashik,Grocery,Tea,4,200,UPI,Normal,Female,3.5,APR,800,,,,Total Revenue,1899520
INV002,05-04-2026,C,Nashik,Grocery,Tea,4,200,UPI,Normal,Female,3.5,APR,800,,,,,
INV003,04-03-2026,C,Nashik,Clothing,Shirt,2,1140,UPI,Normal,Female,3.6,MAR,2280,,,,Total Quantity Sold,2183
INV004,07-06-2026,A,Mumbai,Electronics,Mouse,1,850,UPI,Normal,Male,4.7,JUN,850,,,,,
INV005,24-04-2026,C,Nashik,Clothing,Shirt,8,1160,Cash,Member,Male,4.0,APR,9280,,,,Number of Orders,499
INV006,28-02-2026,D,Thane,Clothing,T-Shirt,3,620,UPI,Member,Female,3.1,FEB,1860,,,,,
INV007,18-04-2026,B,Pune,Electronics,Earbuds,5,2210,UPI,Normal,Male,3.1,APR,11050,,,,Average Rating,4.0
INV008,28-04-2026,B,Pune,Grocery,Wheat Flour,3,60,Cash,Normal,Female,3.3,APR,180,,,,,
INV009,08-01-2026,D,Thane,Home & Kitchen,Storage Box,1,460,Net Banking,Normal,Female,4.9,JAN,460,,,,Average Sales/Order,3806.653307
INV010,11-06-2026,A,Mumbai,Beauty,Perfume,3,960,Card,Normal,Male,4.6,JUN,2880,,,,,
INV011,29-04-2026,A,Mumbai,Electronics,USB Cable,3,360,Cash,Normal,Male,4.2,APR,1080,,,,,
INV012,20-01-2026,B,Pune,Clothing,Jeans,4,1430,Cash,Normal,Female,4.1,JAN,5720,,,,,
INV013,07-06-2026,C,Nashik,Clothing,T-Shirt,1,600,UPI,Member,Female,3.6,JUN,600,,,,,
INV014,06-02-2026,D,Thane,Stationery,Diary,5,260,Wallet,Member,Female,3.7,FEB,1300,,,,,
INV015,23-01-2026,C,Nashik,Stationery,Pen Pack,2,80,Wallet,Member,Male,4.3,JAN,160,,,,,
INV016,09-04-2026,C,Nashik,Stationery,Notebook,6,130,Card,Member,Female,4.0,APR,780,,,,,
INV017,28-04-2026,B,Pune,Clothing,Dress,8,1620,UPI,Member,Female,3.1,APR,12960,,,,,
INV018,13-05-2026,A,Mumbai,Electronics,Bluetooth Speaker,5,1740,Wallet,Normal,Female,3.4,MAY,8700,,,,,
INV019,14-02-2026,D,Thane,Electronics,Keyboard,6,1080,Card,Member,Male,4.7,FEB,6480,,,,,
INV020,14-06-2026,D,Thane,Clothing,T-Shirt,8,570,Net Banking,Member,Female,4.0,JUN,4560,,,,,
INV021,17-02-2026,E,Nagpur,Grocery,Cooking Oil,3,150,UPI,Normal,Female,3.5,FEB,450,,,,,
INV022,30-01-2026,E,Nagpur,Beauty,Hair Oil,8,240,UPI,Member,Male,3.4,JAN,1920,,,,,
INV023,03-02-2026,E,Nagpur,Electronics,Bluetooth Speaker,8,1820,UPI,Normal,Female,5.0,FEB,14560,,,,,
INV024,03-03-2026,A,Mumbai,Stationery,Notebook,1,120,Card,Normal,Male,3.4,MAR,120,,,,,
INV025,23-01-2026,D,Thane,Stationery,Notebook,7,120,Cash,Member,Male,3.7,JAN,840,,,,,
INV026,25-04-2026,B,Pune,Stationery,Notebook,1,110,UPI,Member,Female,4.1,APR,110,,,,,
INV027,25-05-2026,E,Nagpur,Home & Kitchen,Cooker,5,1940,Cash,Normal,Male,4.7,MAY,9700,,,,,
INV028,12-01-2026,B,Pune,Grocery,Rice,4,80,Cash,Normal,Male,4.5,JAN,320,,,,,
INV029,21-05-2026,B,Pune,Grocery,Coffee,8,230,UPI,Normal,Male,4.3,MAY,1840,,,,,
INV030,10-02-2026,E,Nagpur,Clothing,Jacket,1,2140,UPI,Member,Female,4.1,FEB,2140,,,,,
INV031,15-01-2026,E,Nagpur,Beauty,Face Wash,3,260,Card,Normal,Male,4.5,JAN,780,,,,,
INV032,10-02-2026,D,Thane,Grocery,Pulses,3,110,Card,Normal,Female,3.1,FEB,330,,,,,
INV033,04-03-2026,C,Nashik,Home & Kitchen,Water Bottle,4,540,UPI,Member,Male,3.5,MAR,2160,,,,,
INV034,05-05-2026,E,Nagpur,Electronics,Headphones,2,1450,Wallet,Normal,Female,3.9,MAY,2900,,,,,
INV035,07-05-2026,A,Mumbai,Home & Kitchen,Dinner Set,1,1820,UPI,Member,Female,3.5,MAY,1820,,,,,
INV036,02-04-2026,A,Mumbai,Home & Kitchen,Storage Box,4,470,Card,Normal,Female,4.3,APR,1880,,,,,
INV037,20-02-2026,E,Nagpur,Electronics,Headphones,2,1440,Card,Normal,Male,3.2,FEB,2880,,,,,
INV038,02-03-2026,C,Nashik,Stationery,Notebook,5,130,Card,Normal,Male,3.1,MAR,650,,,,,
INV039,18-06-2026,E,Nagpur,Stationery,Pen Pack,4,80,UPI,Member,Male,4.4,JUN,320,,,,,
INV040,03-04-2026,C,Nashik,Stationery,Calculator,5,330,Wallet,Normal,Male,4.4,APR,1650,,,,,
INV041,18-04-2026,E,Nagpur,Electronics,Bluetooth Speaker,7,1850,Net Banking,Member,Female,4.0,APR,12950,,,,,
INV042,11-05-2026,B,Pune,Grocery,Biscuits,5,40,UPI,Member,Male,3.8,MAY,200,,,,,
INV043,23-03-2026,B,Pune,Clothing,Jeans,4,1470,UPI,Normal,Female,3.5,MAR,5880,,,,,
INV044,15-02-2026,E,Nagpur,Stationery,Notebook,3,120,UPI,Normal,Female,3.1,FEB,360,,,,,
INV045,11-03-2026,D,Thane,Beauty,Hair Oil,1,220,Card,Member,Male,3.8,MAR,220,,,,,
INV046,02-02-2026,D,Thane,Beauty,Moisturizer,3,450,UPI,Member,Female,3.1,FEB,1350,,,,,
INV047,29-05-2026,B,Pune,Electronics,Bluetooth Speaker,8,1740,Card,Normal,Female,3.4,MAY,13920,,,,,
INV048,25-04-2026,A,Mumbai,Grocery,Biscuits,5,40,Cash,Normal,Male,3.8,APR,200,,,,,
INV049,04-01-2026,B,Pune,Clothing,Kurta,7,850,Net Banking,Member,Male,3.5,JAN,5950,,,,,
INV050,13-06-2026,A,Mumbai,Beauty,Moisturizer,8,430,UPI,Member,Male,4.8,JUN,3440,,,,,
INV051,06-02-2026,A,Mumbai,Clothing,Shirt,3,1050,Card,Member,Female,3.1,FEB,3150,,,,,
INV052,31-05-2026,A,Mumbai,Electronics,USB Cable,4,330,UPI,Normal,Female,3.1,MAY,1320,,,,,
INV053,24-01-2026,E,Nagpur,Grocery,Coffee,4,210,Card,Member,Female,3.9,JAN,840,,,,,
INV054,07-06-2026,B,Pune,Home & Kitchen,Dinner Set,2,1710,Card,Normal,Female,3.8,JUN,3420,,,,,
INV055,17-01-2026,C,Nashik,Home & Kitchen,Bedsheet,3,1080,UPI,Normal,Female,3.5,JAN,3240,,,,,
INV056,12-06-2026,D,Thane,Beauty,Moisturizer,7,410,Cash,Member,Female,4.3,JUN,2870,,,,,
INV057,10-02-2026,E,Nagpur,Home & Kitchen,Bedsheet,2,1080,UPI,Normal,Male,4.7,FEB,2160,,,,,
INV058,01-04-2026,D,Thane,Stationery,Marker Set,1,150,UPI,Member,Female,4.4,APR,150,,,,,
INV059,05-06-2026,D,Thane,Clothing,Shirt,1,1090,Card,Normal,Male,4.3,JUN,1090,,,,,
INV060,06-01-2026,A,Mumbai,Electronics,USB Cable,1,350,Card,Normal,Female,4.3,JAN,350,,,,,
INV061,09-05-2026,E,Nagpur,Grocery,Sugar,1,50,Card,Member,Male,3.3,MAY,50,,,,,
INV062,01-01-2026,C,Nashik,Stationery,Notebook,2,120,UPI,Normal,Male,4.9,JAN,240,,,,,
INV063,07-05-2026,A,Mumbai,Electronics,Earbuds,5,1990,UPI,Normal,Female,4.6,MAY,9950,,,,,
INV064,27-02-2026,A,Mumbai,Home & Kitchen,Mixer Grinder,2,3410,UPI,Normal,Female,3.7,FEB,6820,,,,,
INV065,19-02-2026,C,Nashik,Stationery,File Folder,6,70,Card,Normal,Male,4.5,FEB,420,,,,,
INV066,21-04-2026,D,Thane,Clothing,Track Pants,4,1000,Card,Normal,Male,4.2,APR,4000,,,,,
INV067,01-03-2026,C,Nashik,Grocery,Tea,5,180,UPI,Normal,Female,3.6,MAR,900,,,,,
INV068,09-03-2026,B,Pune,Clothing,Track Pants,5,950,UPI,Member,Female,4.1,MAR,4750,,,,,
INV069,31-01-2026,C,Nashik,Electronics,Mouse,8,830,Cash,Normal,Female,3.4,JAN,6640,,,,,
INV070,03-05-2026,B,Pune,Beauty,Lip Balm,5,190,Wallet,Member,Male,4.4,MAY,950,,,,,
INV071,21-05-2026,E,Nagpur,Electronics,Smart Watch,3,2420,UPI,Normal,Male,4.6,MAY,7260,,,,,
INV072,20-02-2026,A,Mumbai,Home & Kitchen,Storage Box,5,450,UPI,Normal,Male,4.4,FEB,2250,,,,,
INV073,08-04-2026,B,Pune,Electronics,USB Cable,1,360,Cash,Normal,Female,4.5,APR,360,,,,,
INV074,20-03-2026,B,Pune,Beauty,Hair Oil,3,230,Net Banking,Normal,Male,4.8,MAR,690,,,,,
INV075,31-01-2026,D,Thane,Stationery,Pen Pack,8,80,UPI,Member,Male,4.6,JAN,640,,,,,
INV076,02-06-2026,D,Thane,Grocery,Biscuits,6,40,Net Banking,Member,Female,4.0,JUN,240,,,,,
INV077,04-01-2026,C,Nashik,Grocery,Coffee,8,200,Card,Normal,Female,4.5,JAN,1600,,,,,
INV078,09-01-2026,E,Nagpur,Grocery,Pulses,6,110,UPI,Normal,Female,4.9,JAN,660,,,,,
INV079,27-02-2026,D,Thane,Home & Kitchen,Water Bottle,3,490,UPI,Normal,Male,3.8,FEB,1470,,,,,
INV080,27-06-2026,E,Nagpur,Home & Kitchen,Water Bottle,7,480,UPI,Member,Male,4.9,JUN,3360,,,,,
INV081,23-06-2026,E,Nagpur,Home & Kitchen,Cushion,3,560,Cash,Normal,Female,3.6,JUN,1680,,,,,
INV082,21-04-2026,C,Nashik,Home & Kitchen,Water Bottle,6,490,UPI,Normal,Female,4.6,APR,2940,,,,,
INV083,07-01-2026,E,Nagpur,Home & Kitchen,Bedsheet,2,1300,UPI,Member,Male,4.5,JAN,2600,,,,,
INV084,03-04-2026,D,Thane,Home & Kitchen,Mixer Grinder,1,3420,Cash,Member,Female,3.9,APR,3420,,,,,
INV085,14-05-2026,A,Mumbai,Beauty,Body Lotion,3,340,Card,Normal,Male,4.0,MAY,1020,,,,,
INV086,02-03-2026,E,Nagpur,Home & Kitchen,Cooker,2,1630,Net Banking,Normal,Female,4.7,MAR,3260,,,,,
INV087,19-04-2026,C,Nashik,Beauty,Body Lotion,8,340,UPI,Normal,Female,3.2,APR,2720,,,,,
INV088,02-06-2026,D,Thane,Home & Kitchen,Dinner Set,7,1940,Cash,Member,Male,3.7,JUN,13580,,,,,
INV089,19-03-2026,C,Nashik,Stationery,School Bag,5,880,Card,Normal,Female,3.6,MAR,4400,,,,,
INV090,20-01-2026,A,Mumbai,Beauty,Face Wash,3,260,Cash,Member,Male,4.5,JAN,780,,,,,
INV091,11-04-2026,A,Mumbai,Home & Kitchen,Cooker,4,1930,Cash,Member,Male,3.3,APR,7720,,,,,
INV092,03-02-2026,D,Thane,Electronics,Keyboard,3,1170,Card,Normal,Female,3.6,FEB,3510,,,,,
INV093,10-04-2026,C,Nashik,Beauty,Moisturizer,5,440,Net Banking,Member,Female,3.8,APR,2200,,,,,
INV094,08-06-2026,E,Nagpur,Stationery,File Folder,3,70,UPI,Normal,Male,3.4,JUN,210,,,,,
INV095,17-02-2026,E,Nagpur,Home & Kitchen,Cooker,2,1850,UPI,Normal,Male,4.1,FEB,3700,,,,,
INV096,03-01-2026,A,Mumbai,Beauty,Hair Oil,2,200,Cash,Member,Female,4.5,JAN,400,,,,,
INV097,29-04-2026,B,Pune,Clothing,Jacket,2,2300,Wallet,Normal,Female,3.9,APR,4600,,,,,
INV098,20-06-2026,C,Nashik,Home & Kitchen,Frying Pan,1,960,Card,Normal,Female,4.4,JUN,960,,,,,
INV099,30-04-2026,B,Pune,Clothing,Track Pants,1,1060,Card,Normal,Female,3.3,APR,1060,,,,,
INV100,06-06-2026,E,Nagpur,Stationery,Calculator,7,320,Net Banking,Member,Female,3.2,JUN,2240,,,,,
INV101,04-04-2026,B,Pune,Electronics,Keyboard,1,1140,UPI,Member,Female,4.6,APR,1140,,,,,
INV102,26-01-2026,B,Pune,Beauty,Perfume,1,820,Card,Normal,Female,4.3,JAN,820,,,,,
INV103,06-06-2026,A,Mumbai,Clothing,Track Pants,5,910,Wallet,Member,Female,4.7,JUN,4550,,,,,
INV104,08-05-2026,B,Pune,Clothing,Kurta,1,910,UPI,Normal,Female,3.3,MAY,910,,,,,
INV105,02-02-2026,B,Pune,Stationery,School Bag,7,820,UPI,Normal,Male,3.5,FEB,5740,,,,,
INV106,02-01-2026,D,Thane,Stationery,School Bag,2,950,Card,Member,Male,3.4,JAN,1900,,,,,
INV107,15-03-2026,D,Thane,Stationery,Notebook,3,110,UPI,Member,Female,3.0,MAR,330,,,,,
INV108,23-05-2026,C,Nashik,Electronics,USB Cable,4,370,UPI,Normal,Female,3.4,MAY,1480,,,,,
INV109,04-04-2026,A,Mumbai,Grocery,Tea,1,180,UPI,Member,Male,3.4,APR,180,,,,,
INV110,27-03-2026,D,Thane,Clothing,Kurta,4,810,Card,Member,Male,3.2,MAR,3240,,,,,
INV111,29-03-2026,D,Thane,Home & Kitchen,Cooker,1,1720,Card,Normal,Female,3.5,MAR,1720,,,,,
INV112,15-01-2026,B,Pune,Home & Kitchen,Bedsheet,8,1120,Card,Member,Male,3.4,JAN,8960,,,,,
INV113,31-01-2026,B,Pune,Clothing,T-Shirt,1,550,Net Banking,Normal,Male,3.8,JAN,550,,,,,
INV114,03-01-2026,B,Pune,Electronics,Mouse,4,740,UPI,Normal,Male,3.0,JAN,2960,,,,,
INV115,30-01-2026,E,Nagpur,Electronics,USB Cable,2,380,UPI,Normal,Female,3.3,JAN,760,,,,,
INV116,19-02-2026,D,Thane,Home & Kitchen,Mixer Grinder,3,3350,UPI,Member,Female,3.4,FEB,10050,,,,,
INV117,19-05-2026,D,Thane,Home & Kitchen,Mixer Grinder,2,3510,Wallet,Member,Male,3.8,MAY,7020,,,,,
INV118,12-05-2026,C,Nashik,Stationery,Calculator,2,340,Card,Normal,Female,4.8,MAY,680,,,,,
INV119,28-01-2026,A,Mumbai,Clothing,T-Shirt,3,610,UPI,Normal,Male,4.9,JAN,1830,,,,,
INV120,06-04-2026,B,Pune,Beauty,Body Lotion,7,370,Net Banking,Normal,Female,4.0,APR,2590,,,,,
INV121,21-01-2026,B,Pune,Stationery,Pen Pack,5,90,Cash,Member,Female,4.0,JAN,450,,,,,
INV122,14-06-2026,E,Nagpur,Stationery,File Folder,3,70,UPI,Member,Female,4.3,JUN,210,,,,,
INV123,04-03-2026,E,Nagpur,Grocery,Cooking Oil,2,150,Card,Normal,Male,4.4,MAR,300,,,,,
INV124,24-01-2026,A,Mumbai,Home & Kitchen,Dinner Set,7,1850,Net Banking,Normal,Male,3.6,JAN,12950,,,,,
INV125,15-05-2026,A,Mumbai,Electronics,Headphones,7,1360,Cash,Normal,Female,4.3,MAY,9520,,,,,
INV126,21-02-2026,B,Pune,Home & Kitchen,Dinner Set,1,1660,Cash,Normal,Male,4.1,FEB,1660,,,,,
INV127,06-03-2026,D,Thane,Home & Kitchen,Cushion,3,610,UPI,Member,Male,4.8,MAR,1830,,,,,
INV128,27-03-2026,D,Thane,Home & Kitchen,Dinner Set,2,1730,Net Banking,Member,Male,4.6,MAR,3460,,,,,
INV129,16-03-2026,E,Nagpur,Electronics,Earbuds,6,2260,UPI,Member,Female,3.8,MAR,13560,,,,,
INV130,21-02-2026,E,Nagpur,Electronics,Smart Watch,8,2500,Cash,Normal,Male,4.4,FEB,20000,,,,,
INV131,11-06-2026,E,Nagpur,Clothing,Jacket,7,2150,Card,Normal,Female,3.6,JUN,15050,,,,,
INV132,23-05-2026,D,Thane,Clothing,Jacket,1,1990,UPI,Normal,Female,3.6,MAY,1990,,,,,
INV133,01-06-2026,D,Thane,Clothing,Jeans,1,1480,Wallet,Normal,Male,3.4,JUN,1480,,,,,
INV134,15-05-2026,E,Nagpur,Electronics,Bluetooth Speaker,6,1680,Cash,Member,Male,3.6,MAY,10080,,,,,
INV135,14-04-2026,D,Thane,Stationery,Sketch Pens,7,180,UPI,Normal,Male,4.3,APR,1260,,,,,
INV136,19-04-2026,A,Mumbai,Electronics,Mouse,8,740,Card,Member,Male,4.6,APR,5920,,,,,
INV137,26-03-2026,E,Nagpur,Grocery,Coffee,1,230,UPI,Normal,Female,4.0,MAR,230,,,,,
INV138,29-06-2026,D,Thane,Stationery,Marker Set,2,140,UPI,Member,Male,4.9,JUN,280,,,,,
INV139,06-05-2026,C,Nashik,Clothing,Saree,6,1890,Cash,Member,Female,4.0,MAY,11340,,,,,
INV140,20-01-2026,B,Pune,Home & Kitchen,Mixer Grinder,2,3210,UPI,Member,Male,3.6,JAN,6420,,,,,
INV141,05-01-2026,B,Pune,Grocery,Biscuits,4,40,Cash,Member,Female,4.2,JAN,160,,,,,
INV142,29-05-2026,D,Thane,Electronics,Bluetooth Speaker,3,1830,Wallet,Normal,Female,3.6,MAY,5490,,,,,
INV143,10-02-2026,B,Pune,Grocery,Biscuits,2,40,Cash,Member,Male,4.6,FEB,80,,,,,
INV144,06-05-2026,D,Thane,Beauty,Moisturizer,8,490,Cash,Member,Male,3.1,MAY,3920,,,,,
INV145,19-04-2026,B,Pune,Grocery,Wheat Flour,2,60,Card,Member,Male,3.1,APR,120,,,,,
INV146,01-05-2026,E,Nagpur,Clothing,Shirt,4,1150,UPI,Normal,Female,3.3,MAY,4600,,,,,
INV147,02-04-2026,D,Thane,Grocery,Rice,4,90,UPI,Normal,Male,4.9,APR,360,,,,,
INV148,05-03-2026,B,Pune,Clothing,Track Pants,2,1050,Cash,Normal,Female,4.2,MAR,2100,,,,,
INV149,15-03-2026,D,Thane,Grocery,Pulses,6,120,Card,Normal,Female,4.4,MAR,720,,,,,
INV150,06-05-2026,B,Pune,Clothing,Kurta,5,820,Card,Normal,Female,3.3,MAY,4100,,,,,
INV151,21-06-2026,E,Nagpur,Stationery,Pen Pack,5,80,UPI,Member,Female,3.9,JUN,400,,,,,
INV152,21-03-2026,A,Mumbai,Beauty,Face Wash,8,260,UPI,Normal,Female,3.4,MAR,2080,,,,,
INV153,07-03-2026,D,Thane,Stationery,School Bag,8,900,UPI,Normal,Female,4.7,MAR,7200,,,,,
INV154,05-02-2026,A,Mumbai,Stationery,Notebook,4,130,UPI,Member,Male,4.2,FEB,520,,,,,
INV155,12-02-2026,D,Thane,Home & Kitchen,Storage Box,1,470,Net Banking,Normal,Male,3.7,FEB,470,,,,,
INV156,12-01-2026,D,Thane,Home & Kitchen,Storage Box,4,450,Card,Normal,Female,4.2,JAN,1800,,,,,
INV157,12-05-2026,B,Pune,Grocery,Wheat Flour,6,60,UPI,Member,Female,3.8,MAY,360,,,,,
INV158,09-05-2026,C,Nashik,Home & Kitchen,Dinner Set,3,1640,Net Banking,Member,Female,4.9,MAY,4920,,,,,
INV159,03-06-2026,D,Thane,Electronics,USB Cable,2,350,UPI,Normal,Female,4.8,JUN,700,,,,,
INV160,16-05-2026,A,Mumbai,Grocery,Wheat Flour,8,60,Cash,Member,Female,3.1,MAY,480,,,,,
INV161,08-06-2026,B,Pune,Home & Kitchen,Cushion,8,620,UPI,Normal,Female,3.9,JUN,4960,,,,,
INV162,12-05-2026,A,Mumbai,Stationery,Notebook,2,130,UPI,Member,Female,4.5,MAY,260,,,,,
INV163,15-03-2026,D,Thane,Stationery,Sketch Pens,7,170,Card,Normal,Male,3.5,MAR,1190,,,,,
INV164,18-05-2026,E,Nagpur,Home & Kitchen,Frying Pan,1,880,UPI,Normal,Male,4.6,MAY,880,,,,,
INV165,23-03-2026,C,Nashik,Stationery,Notebook,4,120,Cash,Member,Male,4.8,MAR,480,,,,,
INV166,26-06-2026,B,Pune,Electronics,Bluetooth Speaker,8,1930,Cash,Member,Female,4.1,JUN,15440,,,,,
INV167,20-02-2026,C,Nashik,Beauty,Hair Oil,5,210,Cash,Member,Female,3.6,FEB,1050,,,,,
INV168,03-05-2026,A,Mumbai,Grocery,Rice,7,70,Card,Normal,Female,3.8,MAY,490,,,,,
INV169,24-02-2026,A,Mumbai,Home & Kitchen,Cooker,6,1760,UPI,Normal,Male,3.4,FEB,10560,,,,,
INV170,28-05-2026,E,Nagpur,Clothing,Dress,7,1630,Card,Normal,Female,3.9,MAY,11410,,,,,
INV171,05-03-2026,D,Thane,Beauty,Perfume,2,970,Net Banking,Member,Female,3.5,MAR,1940,,,,,
INV172,02-01-2026,D,Thane,Grocery,Coffee,7,230,UPI,Normal,Female,3.6,JAN,1610,,,,,
INV173,10-04-2026,C,Nashik,Grocery,Pulses,6,100,Card,Normal,Male,4.2,APR,600,,,,,
INV174,14-06-2026,C,Nashik,Stationery,Diary,6,270,Cash,Normal,Female,3.7,JUN,1620,,,,,
INV175,17-02-2026,C,Nashik,Grocery,Tea,6,170,UPI,Member,Male,4.4,FEB,1020,,,,,
INV176,02-03-2026,D,Thane,Grocery,Coffee,7,210,Cash,Normal,Male,4.5,MAR,1470,,,,,
INV177,05-02-2026,D,Thane,Home & Kitchen,Water Bottle,7,480,Cash,Normal,Female,4.0,FEB,3360,,,,,
INV178,10-06-2026,A,Mumbai,Home & Kitchen,Mixer Grinder,6,3100,Cash,Normal,Male,3.2,JUN,18600,,,,,
INV179,14-02-2026,C,Nashik,Electronics,Mouse,6,760,UPI,Member,Male,3.4,FEB,4560,,,,,
INV180,04-02-2026,E,Nagpur,Clothing,Jeans,4,1440,UPI,Member,Female,4.5,FEB,5760,,,,,
INV181,12-03-2026,C,Nashik,Clothing,Shirt,4,1010,UPI,Normal,Male,4.7,MAR,4040,,,,,
INV182,04-03-2026,A,Mumbai,Beauty,Shampoo,8,420,Net Banking,Normal,Female,4.4,MAR,3360,,,,,
INV183,20-03-2026,B,Pune,Electronics,Power Bank,5,1030,UPI,Member,Male,3.9,MAR,5150,,,,,
INV184,25-02-2026,B,Pune,Grocery,Cooking Oil,7,150,UPI,Normal,Female,4.5,FEB,1050,,,,,
INV185,12-02-2026,A,Mumbai,Electronics,Smart Watch,1,2490,UPI,Member,Female,4.1,FEB,2490,,,,,
INV186,11-02-2026,D,Thane,Electronics,Earbuds,2,2160,UPI,Member,Male,4.4,FEB,4320,,,,,
INV187,27-04-2026,C,Nashik,Home & Kitchen,Cooker,4,1730,UPI,Member,Male,4.7,APR,6920,,,,,
INV188,02-04-2026,D,Thane,Home & Kitchen,Water Bottle,7,550,UPI,Member,Male,3.3,APR,3850,,,,,
INV189,20-03-2026,C,Nashik,Clothing,Saree,7,1980,UPI,Member,Male,3.7,MAR,13860,,,,,
INV190,18-03-2026,E,Nagpur,Home & Kitchen,Cooker,7,1950,Card,Member,Male,4.7,MAR,13650,,,,,
INV191,06-04-2026,D,Thane,Beauty,Face Wash,1,270,UPI,Member,Male,3.4,APR,270,,,,,
INV192,15-01-2026,E,Nagpur,Stationery,Pen Pack,6,80,UPI,Normal,Female,3.3,JAN,480,,,,,
INV193,01-01-2026,E,Nagpur,Electronics,Mouse,1,820,Net Banking,Normal,Female,3.4,JAN,820,,,,,
INV194,08-02-2026,E,Nagpur,Clothing,Shirt,1,1000,Card,Normal,Female,4.3,FEB,1000,,,,,
INV195,08-01-2026,B,Pune,Beauty,Shampoo,1,360,Cash,Normal,Male,3.4,JAN,360,,,,,
INV196,08-01-2026,E,Nagpur,Clothing,Track Pants,3,990,Card,Member,Female,3.8,JAN,2970,,,,,
INV197,15-01-2026,B,Pune,Grocery,Sugar,1,50,UPI,Member,Male,3.9,JAN,50,,,,,
INV198,18-02-2026,A,Mumbai,Clothing,Track Pants,6,940,UPI,Normal,Female,3.7,FEB,5640,,,,,
INV199,12-01-2026,E,Nagpur,Home & Kitchen,Storage Box,2,480,Card,Normal,Female,4.1,JAN,960,,,,,
INV200,31-05-2026,E,Nagpur,Home & Kitchen,Frying Pan,2,930,Card,Member,Male,3.4,MAY,1860,,,,,
INV201,03-01-2026,B,Pune,Beauty,Moisturizer,4,420,Card,Normal,Female,4.2,JAN,1680,,,,,
INV202,14-01-2026,A,Mumbai,Home & Kitchen,Frying Pan,8,860,Cash,Normal,Male,3.3,JAN,6880,,,,,
INV203,06-01-2026,C,Nashik,Electronics,Headphones,6,1650,UPI,Normal,Male,4.1,JAN,9900,,,,,
INV204,12-05-2026,A,Mumbai,Electronics,Keyboard,1,1140,UPI,Member,Male,3.2,MAY,1140,,,,,
INV205,01-05-2026,C,Nashik,Electronics,USB Cable,3,380,UPI,Normal,Male,3.9,MAY,1140,,,,,
INV206,23-03-2026,B,Pune,Clothing,Jacket,5,2340,Net Banking,Member,Male,3.7,MAR,11700,,,,,
INV207,06-01-2026,B,Pune,Stationery,File Folder,2,70,UPI,Normal,Male,4.8,JAN,140,,,,,
INV208,23-05-2026,B,Pune,Clothing,Shirt,3,1080,UPI,Member,Female,4.9,MAY,3240,,,,,
INV209,08-01-2026,D,Thane,Electronics,Earbuds,6,2330,UPI,Normal,Female,4.4,JAN,13980,,,,,
INV210,15-06-2026,C,Nashik,Grocery,Tea,6,170,UPI,Member,Male,5.0,JUN,1020,,,,,
INV211,16-03-2026,C,Nashik,Stationery,Diary,5,230,Card,Member,Male,3.2,MAR,1150,,,,,
INV212,08-03-2026,B,Pune,Home & Kitchen,Cushion,6,630,Net Banking,Normal,Male,3.6,MAR,3780,,,,,
INV213,25-03-2026,C,Nashik,Stationery,Marker Set,2,150,Card,Member,Female,3.4,MAR,300,,,,,
INV214,21-01-2026,A,Mumbai,Stationery,Pen Pack,5,70,UPI,Member,Female,3.7,JAN,350,,,,,
INV215,08-05-2026,E,Nagpur,Grocery,Sugar,3,50,UPI,Normal,Female,4.5,MAY,150,,,,,
INV216,11-02-2026,B,Pune,Home & Kitchen,Bedsheet,1,1260,UPI,Normal,Male,3.0,FEB,1260,,,,,
INV217,09-06-2026,B,Pune,Grocery,Sugar,5,50,Cash,Normal,Female,3.1,JUN,250,,,,,
INV218,17-02-2026,C,Nashik,Beauty,Face Wash,1,240,UPI,Normal,Female,3.6,FEB,240,,,,,
INV219,23-04-2026,E,Nagpur,Stationery,Marker Set,1,140,Card,Normal,Female,3.9,APR,140,,,,,
INV220,12-06-2026,C,Nashik,Beauty,Hair Oil,1,200,Net Banking,Normal,Male,3.6,JUN,200,,,,,
INV221,31-01-2026,B,Pune,Home & Kitchen,Storage Box,1,420,UPI,Member,Female,3.7,JAN,420,,,,,
INV222,16-06-2026,B,Pune,Beauty,Shampoo,4,410,UPI,Member,Female,4.4,JUN,1640,,,,,
INV223,23-02-2026,A,Mumbai,Clothing,T-Shirt,6,640,UPI,Normal,Male,3.2,FEB,3840,,,,,
INV224,28-06-2026,A,Mumbai,Grocery,Cooking Oil,3,150,Cash,Normal,Female,4.1,JUN,450,,,,,
INV225,10-04-2026,C,Nashik,Home & Kitchen,Mixer Grinder,6,3170,Card,Normal,Male,3.5,APR,19020,,,,,
INV226,13-05-2026,A,Mumbai,Stationery,File Folder,4,70,Card,Normal,Male,3.2,MAY,280,,,,,
INV227,24-05-2026,C,Nashik,Stationery,Marker Set,4,140,UPI,Normal,Male,3.4,MAY,560,,,,,
INV228,25-05-2026,E,Nagpur,Home & Kitchen,Mixer Grinder,5,3130,Card,Member,Female,3.7,MAY,15650,,,,,
INV229,04-05-2026,A,Mumbai,Home & Kitchen,Mixer Grinder,5,3160,Card,Normal,Male,4.7,MAY,15800,,,,,
INV230,27-02-2026,D,Thane,Stationery,Calculator,3,380,UPI,Normal,Female,4.1,FEB,1140,,,,,
INV231,08-06-2026,B,Pune,Electronics,Earbuds,3,2410,Cash,Member,Male,3.2,JUN,7230,,,,,
INV232,15-01-2026,B,Pune,Home & Kitchen,Mixer Grinder,7,3140,Net Banking,Member,Male,3.3,JAN,21980,,,,,
INV233,21-06-2026,D,Thane,Grocery,Pulses,1,120,Cash,Member,Male,3.2,JUN,120,,,,,
INV234,05-05-2026,E,Nagpur,Clothing,Jeans,8,1510,UPI,Normal,Female,3.1,MAY,12080,,,,,
INV235,09-01-2026,B,Pune,Electronics,Keyboard,5,1260,Card,Member,Male,4.5,JAN,6300,,,,,
INV236,26-01-2026,B,Pune,Electronics,Smart Watch,8,2690,Cash,Normal,Female,3.1,JAN,21520,,,,,
INV237,10-03-2026,E,Nagpur,Beauty,Perfume,1,830,Card,Member,Male,4.4,MAR,830,,,,,
INV238,18-02-2026,E,Nagpur,Beauty,Body Lotion,7,340,UPI,Normal,Male,3.7,FEB,2380,,,,,
INV239,12-03-2026,C,Nashik,Beauty,Lip Balm,6,160,Card,Member,Female,3.8,MAR,960,,,,,
INV240,22-03-2026,D,Thane,Home & Kitchen,Frying Pan,2,960,Cash,Normal,Female,4.4,MAR,1920,,,,,
INV241,18-06-2026,D,Thane,Beauty,Perfume,2,850,UPI,Member,Male,4.1,JUN,1700,,,,,
INV242,07-04-2026,C,Nashik,Home & Kitchen,Mixer Grinder,6,3340,Cash,Normal,Female,3.5,APR,20040,,,,,
INV243,25-03-2026,E,Nagpur,Beauty,Perfume,4,850,Net Banking,Member,Male,4.0,MAR,3400,,,,,
INV244,29-05-2026,B,Pune,Grocery,Cooking Oil,4,130,UPI,Normal,Male,4.9,MAY,520,,,,,
INV245,27-02-2026,D,Thane,Grocery,Sugar,3,50,Wallet,Normal,Male,3.3,FEB,150,,,,,
INV246,18-01-2026,B,Pune,Stationery,School Bag,5,840,UPI,Member,Female,3.7,JAN,4200,,,,,
INV247,31-05-2026,D,Thane,Home & Kitchen,Storage Box,6,470,UPI,Normal,Female,4.4,MAY,2820,,,,,
INV248,14-05-2026,D,Thane,Clothing,Dress,4,1500,Cash,Normal,Male,4.4,MAY,6000,,,,,
INV249,13-04-2026,A,Mumbai,Stationery,Diary,4,250,Cash,Member,Male,3.1,APR,1000,,,,,
INV250,29-05-2026,E,Nagpur,Beauty,Hair Oil,5,230,Wallet,Member,Female,3.6,MAY,1150,,,,,
INV251,08-06-2026,B,Pune,Home & Kitchen,Cushion,7,570,UPI,Normal,Male,4.7,JUN,3990,,,,,
INV252,13-03-2026,D,Thane,Clothing,Track Pants,5,1070,Net Banking,Normal,Female,4.1,MAR,5350,,,,,
INV253,10-01-2026,B,Pune,Beauty,Lip Balm,6,190,UPI,Member,Female,3.1,JAN,1140,,,,,
INV254,10-05-2026,E,Nagpur,Home & Kitchen,Frying Pan,4,850,Cash,Normal,Female,3.8,MAY,3400,,,,,
INV255,28-04-2026,D,Thane,Beauty,Lip Balm,8,180,UPI,Normal,Male,3.6,APR,1440,,,,,
INV256,25-04-2026,A,Mumbai,Clothing,Track Pants,7,980,Cash,Member,Female,3.5,APR,6860,,,,,
INV257,16-06-2026,C,Nashik,Clothing,Saree,6,1920,Card,Normal,Female,3.4,JUN,11520,,,,,
INV258,06-02-2026,A,Mumbai,Clothing,Shirt,8,1120,Card,Normal,Male,3.3,FEB,8960,,,,,
INV259,11-05-2026,A,Mumbai,Beauty,Hair Oil,3,210,UPI,Member,Male,4.7,MAY,630,,,,,
INV260,24-02-2026,C,Nashik,Electronics,Mouse,5,730,UPI,Member,Female,4.6,FEB,3650,,,,,
INV261,21-02-2026,B,Pune,Grocery,Tea,3,180,Wallet,Member,Male,4.0,FEB,540,,,,,
INV262,30-05-2026,D,Thane,Beauty,Face Wash,2,270,Cash,Normal,Female,4.4,MAY,540,,,,,
INV263,12-05-2026,C,Nashik,Electronics,Smart Watch,5,2580,Card,Normal,Male,4.7,MAY,12900,,,,,
INV264,04-01-2026,D,Thane,Home & Kitchen,Dinner Set,6,1810,UPI,Member,Female,3.4,JAN,10860,,,,,
INV265,12-04-2026,E,Nagpur,Electronics,Power Bank,4,1070,Net Banking,Normal,Female,4.0,APR,4280,,,,,
INV266,25-03-2026,C,Nashik,Clothing,Jeans,4,1520,Cash,Member,Male,4.1,MAR,6080,,,,,
INV267,25-06-2026,C,Nashik,Home & Kitchen,Water Bottle,5,550,UPI,Normal,Male,3.3,JUN,2750,,,,,
INV268,09-03-2026,D,Thane,Beauty,Perfume,1,850,Cash,Member,Male,4.4,MAR,850,,,,,
INV269,05-04-2026,E,Nagpur,Beauty,Sunscreen,1,510,Net Banking,Normal,Male,4.7,APR,510,,,,,
INV270,16-05-2026,E,Nagpur,Clothing,Track Pants,2,960,Cash,Normal,Male,4.8,MAY,1920,,,,,
INV271,12-01-2026,E,Nagpur,Home & Kitchen,Mixer Grinder,5,2900,UPI,Normal,Female,3.4,JAN,14500,,,,,
INV272,10-04-2026,A,Mumbai,Beauty,Body Lotion,2,370,Wallet,Member,Female,4.4,APR,740,,,,,
INV273,10-03-2026,A,Mumbai,Stationery,School Bag,6,920,Cash,Normal,Male,3.9,MAR,5520,,,,,
INV274,21-01-2026,C,Nashik,Home & Kitchen,Dinner Set,7,1970,UPI,Member,Male,4.2,JAN,13790,,,,,
INV275,13-01-2026,E,Nagpur,Beauty,Sunscreen,6,550,Card,Member,Female,3.9,JAN,3300,,,,,
INV276,06-05-2026,D,Thane,Stationery,Pen Pack,8,90,UPI,Member,Male,4.9,MAY,720,,,,,
INV277,19-01-2026,E,Nagpur,Home & Kitchen,Bedsheet,1,1180,UPI,Normal,Female,3.8,JAN,1180,,,,,
INV278,09-03-2026,C,Nashik,Home & Kitchen,Water Bottle,8,510,UPI,Member,Female,3.5,MAR,4080,,,,,
INV279,13-04-2026,C,Nashik,Clothing,Shirt,2,1050,UPI,Member,Male,4.4,APR,2100,,,,,
INV280,20-03-2026,D,Thane,Clothing,Track Pants,6,1040,UPI,Normal,Female,4.1,MAR,6240,,,,,
INV281,24-04-2026,C,Nashik,Home & Kitchen,Cushion,5,540,Cash,Member,Male,4.6,APR,2700,,,,,
INV282,12-03-2026,C,Nashik,Home & Kitchen,Frying Pan,7,890,Cash,Normal,Female,4.5,MAR,6230,,,,,
INV283,28-06-2026,B,Pune,Clothing,Dress,3,1540,Card,Normal,Female,5.0,JUN,4620,,,,,
INV284,25-05-2026,E,Nagpur,Electronics,Bluetooth Speaker,6,1800,UPI,Member,Female,4.9,MAY,10800,,,,,
INV285,13-06-2026,E,Nagpur,Electronics,Mouse,1,870,Card,Normal,Female,3.9,JUN,870,,,,,
INV286,14-05-2026,A,Mumbai,Stationery,Sketch Pens,4,200,Card,Member,Female,4.4,MAY,800,,,,,
INV287,02-05-2026,E,Nagpur,Stationery,School Bag,1,930,UPI,Normal,Male,4.2,MAY,930,,,,,
INV288,12-03-2026,C,Nashik,Clothing,Shirt,3,1050,UPI,Member,Female,4.0,MAR,3150,,,,,
INV289,25-06-2026,E,Nagpur,Stationery,Notebook,7,120,Cash,Normal,Female,3.4,JUN,840,,,,,
INV290,18-05-2026,C,Nashik,Electronics,USB Cable,5,330,Card,Normal,Male,4.9,MAY,1650,,,,,
INV291,14-04-2026,E,Nagpur,Electronics,Earbuds,5,2270,Card,Normal,Male,3.1,APR,11350,,,,,
INV292,22-04-2026,B,Pune,Grocery,Coffee,1,230,Wallet,Member,Female,4.3,APR,230,,,,,
INV293,16-02-2026,B,Pune,Beauty,Perfume,3,970,Cash,Normal,Female,4.9,FEB,2910,,,,,
INV294,14-06-2026,E,Nagpur,Clothing,Jeans,4,1310,Card,Normal,Female,3.8,JUN,5240,,,,,
INV295,15-02-2026,E,Nagpur,Beauty,Hair Oil,8,200,Cash,Member,Male,3.5,FEB,1600,,,,,
INV296,31-05-2026,A,Mumbai,Stationery,Marker Set,1,160,UPI,Member,Female,4.0,MAY,160,,,,,
INV297,13-02-2026,C,Nashik,Clothing,Dress,1,1730,Card,Normal,Male,3.1,FEB,1730,,,,,
INV298,22-03-2026,A,Mumbai,Beauty,Moisturizer,5,470,UPI,Member,Male,4.9,MAR,2350,,,,,
INV299,04-03-2026,C,Nashik,Home & Kitchen,Frying Pan,6,850,Card,Normal,Male,3.8,MAR,5100,,,,,
INV300,21-04-2026,C,Nashik,Stationery,Notebook,5,130,UPI,Member,Male,4.0,APR,650,,,,,
INV301,02-03-2026,B,Pune,Beauty,Lip Balm,5,180,UPI,Normal,Male,4.4,MAR,900,,,,,
INV302,01-06-2026,A,Mumbai,Beauty,Lip Balm,3,170,Wallet,Member,Female,3.5,JUN,510,,,,,
INV303,09-03-2026,B,Pune,Grocery,Cooking Oil,8,130,Cash,Member,Male,3.2,MAR,1040,,,,,
INV304,24-05-2026,D,Thane,Clothing,Saree,8,1860,Card,Normal,Female,4.3,MAY,14880,,,,,
INV305,25-02-2026,A,Mumbai,Electronics,Earbuds,7,2270,Cash,Normal,Male,5.0,FEB,15890,,,,,
INV306,18-04-2026,A,Mumbai,Clothing,T-Shirt,2,570,Card,Normal,Female,4.1,APR,1140,,,,,
INV307,02-02-2026,E,Nagpur,Home & Kitchen,Cushion,8,550,Card,Normal,Female,3.2,FEB,4400,,,,,
INV308,05-03-2026,E,Nagpur,Beauty,Lip Balm,1,170,Cash,Member,Male,5.0,MAR,170,,,,,
INV309,31-03-2026,E,Nagpur,Grocery,Biscuits,5,40,UPI,Normal,Female,3.4,MAR,200,,,,,
INV310,22-02-2026,D,Thane,Grocery,Rice,8,90,UPI,Member,Female,3.5,FEB,720,,,,,
INV311,01-02-2026,E,Nagpur,Grocery,Cooking Oil,7,150,UPI,Member,Male,3.7,FEB,1050,,,,,
INV312,21-01-2026,E,Nagpur,Home & Kitchen,Mixer Grinder,6,3430,Card,Normal,Male,3.1,JAN,20580,,,,,
INV313,04-05-2026,C,Nashik,Beauty,Body Lotion,3,340,UPI,Normal,Male,3.4,MAY,1020,,,,,
INV314,14-05-2026,B,Pune,Stationery,Diary,4,230,Cash,Normal,Female,4.7,MAY,920,,,,,
INV315,24-01-2026,E,Nagpur,Electronics,Earbuds,7,2390,UPI,Member,Male,4.9,JAN,16730,,,,,
INV316,17-01-2026,C,Nashik,Home & Kitchen,Bedsheet,4,1090,UPI,Normal,Male,4.5,JAN,4360,,,,,
INV317,21-02-2026,D,Thane,Beauty,Shampoo,5,420,Card,Member,Female,3.4,FEB,2100,,,,,
INV318,15-05-2026,B,Pune,Home & Kitchen,Cooker,8,1770,Cash,Member,Male,4.2,MAY,14160,,,,,
INV319,08-05-2026,D,Thane,Stationery,School Bag,6,970,UPI,Normal,Female,3.5,MAY,5820,,,,,
INV320,04-06-2026,A,Mumbai,Grocery,Biscuits,2,40,Wallet,Normal,Female,3.3,JUN,80,,,,,
INV321,02-05-2026,E,Nagpur,Grocery,Sugar,4,50,UPI,Member,Male,4.0,MAY,200,,,,,
INV322,16-01-2026,A,Mumbai,Home & Kitchen,Water Bottle,6,460,UPI,Member,Female,4.4,JAN,2760,,,,,
INV323,19-04-2026,E,Nagpur,Clothing,T-Shirt,8,550,UPI,Normal,Male,4.8,APR,4400,,,,,
INV324,06-01-2026,D,Thane,Stationery,File Folder,1,70,Wallet,Member,Male,3.1,JAN,70,,,,,
INV325,24-04-2026,C,Nashik,Clothing,Jacket,3,2330,Wallet,Member,Male,4.8,APR,6990,,,,,
INV326,02-06-2026,C,Nashik,Clothing,Dress,6,1540,UPI,Member,Male,3.8,JUN,9240,,,,,
INV327,02-06-2026,E,Nagpur,Home & Kitchen,Cushion,6,560,Card,Member,Male,4.4,JUN,3360,,,,,
INV328,09-02-2026,C,Nashik,Beauty,Perfume,7,910,Card,Normal,Female,3.6,FEB,6370,,,,,
INV329,03-03-2026,D,Thane,Home & Kitchen,Frying Pan,4,980,Card,Member,Female,4.5,MAR,3920,,,,,
INV330,09-05-2026,E,Nagpur,Grocery,Coffee,4,200,Net Banking,Normal,Male,3.3,MAY,800,,,,,
INV331,18-04-2026,D,Thane,Stationery,School Bag,1,910,UPI,Member,Female,4.7,APR,910,,,,,
INV332,02-06-2026,C,Nashik,Stationery,School Bag,7,900,UPI,Normal,Female,3.2,JUN,6300,,,,,
INV333,22-04-2026,A,Mumbai,Clothing,Track Pants,8,1080,UPI,Member,Female,3.3,APR,8640,,,,,
INV334,05-04-2026,A,Mumbai,Home & Kitchen,Bedsheet,4,1310,UPI,Normal,Female,3.6,APR,5240,,,,,
INV335,26-01-2026,D,Thane,Electronics,Headphones,8,1490,Wallet,Member,Male,3.5,JAN,11920,,,,,
INV336,21-06-2026,D,Thane,Grocery,Rice,2,80,UPI,Member,Male,4.5,JUN,160,,,,,
INV337,24-06-2026,E,Nagpur,Beauty,Moisturizer,5,460,UPI,Member,Female,3.3,JUN,2300,,,,,
INV338,26-06-2026,C,Nashik,Clothing,Jacket,2,2410,Card,Normal,Male,4.3,JUN,4820,,,,,
INV339,03-05-2026,E,Nagpur,Clothing,T-Shirt,2,550,Card,Member,Male,3.7,MAY,1100,,,,,
INV340,19-06-2026,E,Nagpur,Electronics,Headphones,2,1630,Cash,Normal,Male,3.3,JUN,3260,,,,,
INV341,24-04-2026,B,Pune,Clothing,T-Shirt,3,660,Net Banking,Member,Male,4.0,APR,1980,,,,,
INV342,24-05-2026,D,Thane,Stationery,Pen Pack,5,90,UPI,Member,Female,4.9,MAY,450,,,,,
INV343,11-06-2026,C,Nashik,Clothing,Dress,6,1720,Cash,Member,Male,3.7,JUN,10320,,,,,
INV344,30-05-2026,E,Nagpur,Stationery,Diary,6,270,Net Banking,Normal,Female,3.4,MAY,1620,,,,,
INV345,12-06-2026,D,Thane,Clothing,Dress,5,1550,UPI,Normal,Male,3.6,JUN,7750,,,,,
INV346,28-04-2026,E,Nagpur,Beauty,Face Wash,6,250,Card,Member,Male,4.2,APR,1500,,,,,
INV347,11-02-2026,B,Pune,Stationery,School Bag,1,870,UPI,Normal,Male,4.8,FEB,870,,,,,
INV348,27-05-2026,E,Nagpur,Clothing,Kurta,4,870,Cash,Member,Male,3.8,MAY,3480,,,,,
INV349,17-05-2026,A,Mumbai,Stationery,School Bag,7,980,UPI,Member,Female,3.4,MAY,6860,,,,,
INV350,04-01-2026,D,Thane,Electronics,USB Cable,3,330,Card,Normal,Female,3.7,JAN,990,,,,,
INV351,31-01-2026,C,Nashik,Electronics,Power Bank,1,1040,UPI,Normal,Male,4.6,JAN,1040,,,,,
INV352,23-06-2026,C,Nashik,Stationery,Marker Set,7,160,Card,Normal,Male,4.3,JUN,1120,,,,,
INV353,18-03-2026,B,Pune,Stationery,Notebook,3,120,Net Banking,Normal,Female,3.6,MAR,360,,,,,
INV354,11-06-2026,A,Mumbai,Grocery,Cooking Oil,1,150,Card,Normal,Male,3.8,JUN,150,,,,,
INV355,05-06-2026,A,Mumbai,Beauty,Shampoo,7,420,Card,Normal,Female,4.5,JUN,2940,,,,,
INV356,12-01-2026,E,Nagpur,Clothing,Track Pants,5,1070,Net Banking,Normal,Female,3.1,JAN,5350,,,,,
INV357,27-06-2026,E,Nagpur,Stationery,School Bag,5,860,UPI,Normal,Female,4.4,JUN,4300,,,,,
INV358,31-05-2026,C,Nashik,Stationery,Sketch Pens,5,180,UPI,Member,Female,3.5,MAY,900,,,,,
INV359,16-02-2026,B,Pune,Clothing,Shirt,7,1070,Card,Normal,Male,3.7,FEB,7490,,,,,
INV360,03-02-2026,B,Pune,Grocery,Tea,5,190,UPI,Member,Female,3.9,FEB,950,,,,,
INV361,04-01-2026,A,Mumbai,Clothing,Jacket,2,2030,UPI,Normal,Male,4.3,JAN,4060,,,,,
INV362,16-06-2026,B,Pune,Stationery,Sketch Pens,6,190,Wallet,Normal,Female,4.6,JUN,1140,,,,,
INV363,02-01-2026,A,Mumbai,Electronics,Bluetooth Speaker,3,1800,UPI,Member,Female,4.6,JAN,5400,,,,,
INV364,07-04-2026,A,Mumbai,Home & Kitchen,Frying Pan,7,930,Card,Normal,Male,4.8,APR,6510,,,,,
INV365,03-02-2026,E,Nagpur,Electronics,Headphones,3,1480,Card,Normal,Female,3.2,FEB,4440,,,,,
INV366,20-03-2026,A,Mumbai,Beauty,Hair Oil,7,210,Card,Member,Male,4.9,MAR,1470,,,,,
INV367,13-03-2026,D,Thane,Clothing,Saree,2,1730,UPI,Member,Male,4.9,MAR,3460,,,,,
INV368,26-04-2026,B,Pune,Stationery,School Bag,5,920,Cash,Normal,Female,4.7,APR,4600,,,,,
INV369,02-03-2026,E,Nagpur,Electronics,Smart Watch,1,2320,Card,Normal,Female,4.3,MAR,2320,,,,,
INV370,24-02-2026,B,Pune,Stationery,Notebook,8,110,Cash,Normal,Male,4.9,FEB,880,,,,,
INV371,05-06-2026,C,Nashik,Electronics,Smart Watch,5,2700,Cash,Member,Female,4.2,JUN,13500,,,,,
INV372,20-05-2026,B,Pune,Grocery,Sugar,5,50,Card,Normal,Male,4.5,MAY,250,,,,,
INV373,20-06-2026,D,Thane,Electronics,Earbuds,6,2100,Net Banking,Member,Female,4.3,JUN,12600,,,,,
INV374,15-04-2026,E,Nagpur,Grocery,Wheat Flour,3,60,Net Banking,Member,Female,4.4,APR,180,,,,,
INV375,19-02-2026,C,Nashik,Grocery,Tea,7,160,UPI,Normal,Male,3.6,FEB,1120,,,,,
INV376,01-01-2026,A,Mumbai,Grocery,Sugar,6,50,Card,Member,Female,4.4,JAN,300,,,,,
INV377,09-01-2026,B,Pune,Beauty,Lip Balm,2,190,UPI,Normal,Female,4.7,JAN,380,,,,,
INV378,22-02-2026,A,Mumbai,Grocery,Sugar,1,50,UPI,Member,Female,3.4,FEB,50,,,,,
INV379,31-03-2026,A,Mumbai,Electronics,Power Bank,5,1030,Cash,Normal,Male,3.8,MAR,5150,,,,,
INV380,15-01-2026,D,Thane,Electronics,Bluetooth Speaker,7,1720,Card,Member,Female,4.8,JAN,12040,,,,,
INV381,15-04-2026,C,Nashik,Beauty,Perfume,8,990,UPI,Normal,Female,3.7,APR,7920,,,,,
INV382,18-05-2026,D,Thane,Home & Kitchen,Water Bottle,8,450,Card,Member,Female,3.8,MAY,3600,,,,,
INV383,11-01-2026,E,Nagpur,Clothing,Dress,3,1690,UPI,Normal,Male,3.1,JAN,5070,,,,,
INV384,13-05-2026,E,Nagpur,Electronics,USB Cable,7,320,Cash,Normal,Female,3.8,MAY,2240,,,,,
INV385,26-04-2026,B,Pune,Beauty,Lip Balm,8,180,Cash,Normal,Male,4.9,APR,1440,,,,,
INV386,02-01-2026,B,Pune,Electronics,Earbuds,2,2270,UPI,Member,Female,4.3,JAN,4540,,,,,
INV387,14-02-2026,A,Mumbai,Grocery,Cooking Oil,2,130,UPI,Normal,Female,3.5,FEB,260,,,,,
INV388,29-04-2026,C,Nashik,Electronics,USB Cable,6,360,Card,Member,Male,4.0,APR,2160,,,,,
INV389,30-01-2026,A,Mumbai,Beauty,Moisturizer,4,460,Card,Member,Male,5.0,JAN,1840,,,,,
INV390,21-02-2026,E,Nagpur,Clothing,Jacket,4,2160,Net Banking,Normal,Male,4.2,FEB,8640,,,,,
INV391,13-05-2026,B,Pune,Electronics,Earbuds,5,2240,Net Banking,Normal,Male,3.7,MAY,11200,,,,,
INV392,25-06-2026,C,Nashik,Electronics,Power Bank,3,1070,UPI,Member,Female,4.1,JUN,3210,,,,,
INV393,30-05-2026,D,Thane,Stationery,Pen Pack,8,90,Card,Member,Male,4.9,MAY,720,,,,,
INV394,07-02-2026,A,Mumbai,Stationery,Sketch Pens,1,190,UPI,Normal,Male,4.8,FEB,190,,,,,
INV395,29-03-2026,C,Nashik,Stationery,Pen Pack,2,90,Wallet,Member,Female,4.6,MAR,180,,,,,
INV396,01-05-2026,A,Mumbai,Home & Kitchen,Water Bottle,8,540,Cash,Normal,Female,4.2,MAY,4320,,,,,
INV397,17-06-2026,E,Nagpur,Beauty,Body Lotion,1,320,Net Banking,Member,Female,4.1,JUN,320,,,,,
INV398,15-06-2026,D,Thane,Grocery,Sugar,8,50,Cash,Normal,Male,4.9,JUN,400,,,,,
INV399,27-01-2026,C,Nashik,Electronics,Bluetooth Speaker,7,1920,Cash,Normal,Male,3.2,JAN,13440,,,,,
INV400,21-04-2026,E,Nagpur,Grocery,Wheat Flour,8,60,Wallet,Member,Female,4.0,APR,480,,,,,
INV401,17-04-2026,C,Nashik,Electronics,Headphones,3,1480,Cash,Member,Male,3.3,APR,4440,,,,,
INV402,27-06-2026,D,Thane,Stationery,Notebook,5,130,Cash,Member,Female,3.6,JUN,650,,,,,
INV403,26-03-2026,C,Nashik,Stationery,Marker Set,7,150,Cash,Member,Male,4.6,MAR,1050,,,,,
INV404,15-06-2026,C,Nashik,Electronics,Power Bank,5,1030,Card,Normal,Male,4.0,JUN,5150,,,,,
INV405,15-02-2026,D,Thane,Grocery,Sugar,7,50,UPI,Normal,Female,4.1,FEB,350,,,,,
INV406,11-03-2026,A,Mumbai,Home & Kitchen,Water Bottle,7,470,UPI,Normal,Male,4.2,MAR,3290,,,,,
INV407,07-04-2026,B,Pune,Stationery,Diary,7,240,Card,Normal,Male,3.9,APR,1680,,,,,
INV408,03-04-2026,C,Nashik,Electronics,Headphones,7,1450,UPI,Member,Male,3.8,APR,10150,,,,,
INV409,24-05-2026,E,Nagpur,Stationery,Notebook,5,120,UPI,Member,Female,3.5,MAY,600,,,,,
INV410,08-02-2026,A,Mumbai,Home & Kitchen,Frying Pan,4,930,Net Banking,Normal,Male,3.5,FEB,3720,,,,,
INV411,07-04-2026,A,Mumbai,Beauty,Face Wash,3,240,Card,Member,Female,4.2,APR,720,,,,,
INV412,12-02-2026,A,Mumbai,Electronics,Bluetooth Speaker,6,1740,Card,Member,Male,4.8,FEB,10440,,,,,
INV413,16-06-2026,B,Pune,Grocery,Coffee,1,230,Card,Member,Female,4.9,JUN,230,,,,,
INV414,28-06-2026,C,Nashik,Stationery,Sketch Pens,2,180,Cash,Member,Male,4.5,JUN,360,,,,,
INV415,26-02-2026,B,Pune,Clothing,Dress,4,1730,Card,Normal,Male,3.9,FEB,6920,,,,,
INV416,12-04-2026,A,Mumbai,Electronics,Bluetooth Speaker,5,1660,Cash,Member,Female,4.5,APR,8300,,,,,
INV417,14-03-2026,A,Mumbai,Beauty,Shampoo,5,380,Net Banking,Member,Male,3.0,MAR,1900,,,,,
INV418,13-02-2026,E,Nagpur,Beauty,Face Wash,4,270,Card,Member,Female,4.7,FEB,1080,,,,,
INV419,01-04-2026,B,Pune,Home & Kitchen,Mixer Grinder,7,3490,Wallet,Member,Female,4.9,APR,24430,,,,,
INV420,22-05-2026,E,Nagpur,Clothing,Dress,8,1630,Card,Member,Female,3.9,MAY,13040,,,,,
INV421,16-05-2026,E,Nagpur,Electronics,Power Bank,4,920,Card,Member,Male,3.3,MAY,3680,,,,,
INV422,28-06-2026,B,Pune,Beauty,Body Lotion,8,370,Cash,Member,Male,4.2,JUN,2960,,,,,
INV423,04-05-2026,C,Nashik,Beauty,Body Lotion,2,340,Card,Normal,Female,3.9,MAY,680,,,,,
INV424,21-05-2026,C,Nashik,Beauty,Lip Balm,7,180,UPI,Normal,Female,3.8,MAY,1260,,,,,
INV425,17-05-2026,C,Nashik,Electronics,Smart Watch,7,2530,UPI,Member,Female,3.9,MAY,17710,,,,,
INV426,21-01-2026,C,Nashik,Home & Kitchen,Mixer Grinder,5,3270,UPI,Member,Male,4.6,JAN,16350,,,,,
INV427,09-04-2026,D,Thane,Beauty,Body Lotion,2,350,UPI,Member,Female,4.0,APR,700,,,,,
INV428,13-06-2026,B,Pune,Stationery,Diary,1,270,UPI,Normal,Male,4.8,JUN,270,,,,,
INV429,04-04-2026,C,Nashik,Grocery,Coffee,5,220,Cash,Normal,Female,3.0,APR,1100,,,,,
INV430,21-05-2026,A,Mumbai,Clothing,Jacket,2,2050,Wallet,Member,Male,4.9,MAY,4100,,,,,
INV431,03-01-2026,A,Mumbai,Beauty,Moisturizer,3,470,UPI,Normal,Female,4.5,JAN,1410,,,,,
INV432,19-01-2026,E,Nagpur,Stationery,File Folder,7,70,UPI,Normal,Female,3.3,JAN,490,,,,,
INV433,11-01-2026,D,Thane,Electronics,Power Bank,1,1020,UPI,Member,Male,5.0,JAN,1020,,,,,
INV434,27-04-2026,B,Pune,Grocery,Tea,5,180,Card,Member,Female,3.7,APR,900,,,,,
INV435,08-02-2026,B,Pune,Home & Kitchen,Storage Box,2,490,Cash,Member,Female,3.5,FEB,980,,,,,
INV436,07-06-2026,A,Mumbai,Grocery,Tea,5,180,UPI,Member,Male,4.3,JUN,900,,,,,
INV437,06-02-2026,D,Thane,Electronics,Headphones,3,1650,Card,Normal,Female,4.0,FEB,4950,,,,,
INV438,01-06-2026,A,Mumbai,Beauty,Moisturizer,1,470,UPI,Member,Female,3.2,JUN,470,,,,,
INV439,26-03-2026,C,Nashik,Electronics,Smart Watch,3,2740,Cash,Member,Female,3.1,MAR,8220,,,,,
INV440,17-06-2026,D,Thane,Grocery,Pulses,4,110,UPI,Member,Female,3.4,JUN,440,,,,,
INV441,12-03-2026,E,Nagpur,Beauty,Body Lotion,8,370,Card,Normal,Female,4.8,MAR,2960,,,,,
INV442,27-02-2026,D,Thane,Home & Kitchen,Cooker,4,1690,UPI,Normal,Male,5.0,FEB,6760,,,,,
INV443,13-05-2026,B,Pune,Electronics,Smart Watch,1,2670,Card,Normal,Male,3.6,MAY,2670,,,,,
INV444,24-03-2026,C,Nashik,Grocery,Coffee,6,220,UPI,Member,Female,3.9,MAR,1320,,,,,
INV445,13-05-2026,D,Thane,Beauty,Body Lotion,4,340,Cash,Member,Male,4.7,MAY,1360,,,,,
INV446,20-01-2026,E,Nagpur,Beauty,Face Wash,5,240,UPI,Normal,Female,3.8,JAN,1200,,,,,
INV447,05-02-2026,A,Mumbai,Grocery,Biscuits,1,40,Card,Normal,Female,4.2,FEB,40,,,,,
INV448,22-06-2026,C,Nashik,Grocery,Sugar,5,50,Card,Normal,Female,3.8,JUN,250,,,,,
INV449,16-04-2026,E,Nagpur,Beauty,Body Lotion,8,320,Cash,Member,Male,3.2,APR,2560,,,,,
INV450,17-01-2026,D,Thane,Clothing,Track Pants,7,1010,UPI,Normal,Male,3.2,JAN,7070,,,,,
INV451,20-06-2026,D,Thane,Electronics,USB Cable,8,370,UPI,Normal,Female,4.9,JUN,2960,,,,,
INV452,23-03-2026,C,Nashik,Clothing,Jeans,6,1420,Wallet,Member,Male,4.1,MAR,8520,,,,,
INV453,21-01-2026,B,Pune,Electronics,Smart Watch,1,2500,UPI,Member,Female,3.7,JAN,2500,,,,,
INV454,01-06-2026,D,Thane,Home & Kitchen,Dinner Set,1,1940,UPI,Member,Female,4.9,JUN,1940,,,,,
INV455,02-04-2026,B,Pune,Stationery,Diary,5,260,UPI,Normal,Male,3.9,APR,1300,,,,,
INV456,16-03-2026,A,Mumbai,Stationery,School Bag,7,920,UPI,Normal,Female,4.4,MAR,6440,,,,,
INV457,27-02-2026,C,Nashik,Home & Kitchen,Cushion,5,620,Cash,Normal,Female,5.0,FEB,3100,,,,,
INV458,22-01-2026,B,Pune,Beauty,Perfume,4,880,Card,Member,Male,3.2,JAN,3520,,,,,
INV459,21-03-2026,D,Thane,Grocery,Rice,3,80,Card,Normal,Male,4.4,MAR,240,,,,,
INV460,06-04-2026,E,Nagpur,Electronics,Power Bank,5,930,Cash,Normal,Male,3.5,APR,4650,,,,,
INV461,04-02-2026,B,Pune,Clothing,Kurta,3,830,Net Banking,Member,Female,4.3,FEB,2490,,,,,
INV462,16-06-2026,B,Pune,Electronics,Earbuds,3,2110,UPI,Normal,Female,4.4,JUN,6330,,,,,
INV463,03-02-2026,B,Pune,Clothing,Shirt,2,1150,UPI,Normal,Female,3.4,FEB,2300,,,,,
INV464,10-03-2026,D,Thane,Beauty,Hair Oil,1,200,Cash,Member,Female,4.6,MAR,200,,,,,
INV465,30-04-2026,D,Thane,Clothing,Jeans,1,1460,Cash,Normal,Female,3.9,APR,1460,,,,,
INV466,12-06-2026,B,Pune,Electronics,USB Cable,1,350,UPI,Normal,Male,4.7,JUN,350,,,,,
INV467,10-04-2026,D,Thane,Home & Kitchen,Cooker,6,1860,Card,Normal,Female,4.9,APR,11160,,,,,
INV468,27-01-2026,E,Nagpur,Beauty,Face Wash,7,240,Card,Normal,Male,3.4,JAN,1680,,,,,
INV469,10-06-2026,C,Nashik,Grocery,Rice,3,80,Wallet,Member,Male,3.8,JUN,240,,,,,
INV470,21-02-2026,C,Nashik,Stationery,File Folder,3,70,Card,Member,Male,3.2,FEB,210,,,,,
INV471,05-04-2026,D,Thane,Clothing,Kurta,8,840,UPI,Member,Female,4.7,APR,6720,,,,,
INV472,19-02-2026,A,Mumbai,Grocery,Sugar,5,50,Net Banking,Normal,Female,4.5,FEB,250,,,,,
INV473,01-02-2026,E,Nagpur,Grocery,Cooking Oil,4,150,Net Banking,Member,Female,3.9,FEB,600,,,,,
INV474,10-02-2026,E,Nagpur,Beauty,Lip Balm,3,160,UPI,Member,Male,4.5,FEB,480,,,,,
INV475,21-05-2026,B,Pune,Home & Kitchen,Cooker,8,1960,Cash,Normal,Male,3.9,MAY,15680,,,,,
INV476,07-02-2026,B,Pune,Home & Kitchen,Cooker,7,1710,Card,Member,Female,3.7,FEB,11970,,,,,
INV477,03-02-2026,E,Nagpur,Stationery,Diary,6,250,Cash,Normal,Female,3.5,FEB,1500,,,,,
INV478,07-01-2026,A,Mumbai,Clothing,Jeans,1,1320,Cash,Normal,Male,3.2,JAN,1320,,,,,
INV479,17-04-2026,A,Mumbai,Home & Kitchen,Dinner Set,3,1790,UPI,Member,Female,4.0,APR,5370,,,,,
INV480,16-03-2026,A,Mumbai,Home & Kitchen,Frying Pan,4,930,Cash,Normal,Female,3.8,MAR,3720,,,,,
INV481,10-02-2026,C,Nashik,Grocery,Biscuits,3,40,Card,Member,Female,4.1,FEB,120,,,,,
INV482,16-05-2026,C,Nashik,Stationery,Sketch Pens,3,180,Wallet,Normal,Male,3.5,MAY,540,,,,,
INV483,01-04-2026,C,Nashik,Electronics,Bluetooth Speaker,6,1860,UPI,Member,Female,4.9,APR,11160,,,,,
INV484,11-01-2026,C,Nashik,Beauty,Sunscreen,5,530,UPI,Member,Female,3.6,JAN,2650,,,,,
INV485,10-04-2026,B,Pune,Home & Kitchen,Frying Pan,6,880,Net Banking,Normal,Male,4.0,APR,5280,,,,,
INV486,29-04-2026,D,Thane,Clothing,Jeans,7,1450,UPI,Normal,Female,4.3,APR,10150,,,,,
INV487,13-05-2026,C,Nashik,Electronics,Earbuds,7,2030,UPI,Member,Male,3.8,MAY,14210,,,,,
INV488,22-03-2026,D,Thane,Beauty,Perfume,7,870,UPI,Normal,Male,3.8,MAR,6090,,,,,
INV489,05-02-2026,D,Thane,Clothing,T-Shirt,3,580,UPI,Member,Male,3.8,FEB,1740,,,,,
INV490,23-06-2026,E,Nagpur,Stationery,School Bag,3,930,Wallet,Member,Male,4.2,JUN,2790,,,,,
INV491,14-06-2026,E,Nagpur,Grocery,Rice,5,80,Cash,Normal,Female,3.5,JUN,400,,,,,
INV492,14-04-2026,D,Thane,Grocery,Biscuits,2,40,Card,Member,Female,3.7,APR,80,,,,,
INV493,23-06-2026,C,Nashik,Beauty,Hair Oil,5,200,UPI,Normal,Female,3.2,JUN,1000,,,,,
INV494,30-01-2026,C,Nashik,Electronics,Keyboard,8,1300,UPI,Member,Male,5.0,JAN,10400,,,,,
INV495,03-06-2026,A,Mumbai,Grocery,Sugar,2,50,Card,Normal,Female,4.9,JUN,100,,,,,
INV496,04-04-2026,B,Pune,Beauty,Lip Balm,5,170,Wallet,Normal,Female,3.5,APR,850,,,,,
INV497,15-02-2026,E,Nagpur,Electronics,Power Bank,4,950,Card,Normal,Female,3.3,FEB,3800,,,,,
INV498,26-03-2026,B,Pune,Clothing,Track Pants,5,1050,Wallet,Member,Male,4.2,MAR,5250,,,,,
INV499,23-03-2026,D,Thane,Clothing,Dress,2,1650,UPI,Normal,Female,3.4,MAR,3300,,,,,
INV500,27-05-2026,B,Pune,Beauty,Moisturizer,3,490,UPI,Normal,Female,3.2,MAY,1470,,,,,
,,,,,,,,,,,,JAN,,,,,,
,,,,,,,,,,,,JAN,,,,,,
,,,,,,,,,,,,,,,,,,
